"","gdp_sub","myts_sub"
"1",207.5829531,0.371
"2",224.7324184,0.388
"3",250.5175049,0.404
"4",303.7407156,0.424
"5",344.5772458,0.438
"6",410.99572,0.447
"7",511.0549513,0.454
"8",549.2400411,0.464
"9",576.049201,0.475
"10",637.6284383,0.485
"11",695.2740829,0.488
"12",704.9801594,0.493
